Name,Size,Category,Files,FilesSize,Time,Activities,Permissions,Services,Providers,AndroidManifestAnalyzerTime,Earmo,EarmoTime,Kadabra,KadabraTime,Lint,LintTime,ADoctor,ADoctorTime,Paprika,PaprikaTime,Relda2,Relda2Time,EarmoClassification,KadabraClassification,LintClassification,ADoctorClassification,PaprikaClassification,Relda2Classification,Label
org.openintents.notepad,0.97,Writing,59,0.27,140.82161259651184,9,6,0,2,0.011520147323608398,13,96.31018948554993,6,12.290835857391357,0,4.382070064544678,68,1.5635709762573242,170,15.158877611160278,0,2.1177992820739746,3,3,5,4,1,5,B
ws.xsoh.etar,6.16,Time,513,4.5,192.739981174469,11,13,5,3,0.01695704460144043,0,47.05169892311096,0,9.428394794464111,0,11.771212100982666,545,16.59590172767639,1924,42.205509185791016,1,33.89922499656677,5,5,5,1,1,4,B
org.adw.launcher,1.14,Theming,94,1.16,272.41037225723267,6,14,0,1,0.011646747589111328,63,208.70325183868408,62,32.89293384552002,0,6.5491862297058105,149,2.793532371520996,128,11.228549480438232,0,1.5201115608215332,1,1,5,1,4,5,C
org.hermit.tricorder,0.59,System,136,0.86,178.44389843940735,3,10,0,0,0.010403156280517578,33,116.63640594482422,33,27.85301113128662,0,5.732072353363037,158,6.257407903671265,47,11.855849266052246,5,1.2555806636810303,1,4,5,2,1,3,D
ch.bailu.aat,5.65,Sports and Health,1653,5.7,630.327644109726,18,11,3,3,0.010524272918701172,5,345.36085534095764,1003,148.6688961982727,11,14.591014623641968,1355,17.322391986846924,785,29.996381998062134,3,50.55267858505249,4,1,1,1,1,2,E
com.jefftharris.passwdsafe,5.0,Security,1127,6.02,1622.6602110862732,4,9,2,3,0.011722087860107422,389,1324.9312620162964,343,105.71221423149109,0,15.409871578216553,867,24.20494794845581,1266,43.98935127258301,2,76.2597804069519,1,1,5,1,1,4,E
com.openear.www,13.77,Science and Education,116,1.28,193.49026894569397,1,2,0,1,0.010613679885864258,22,117.13168406486511,74,22.11775231361389,0,10.405018329620361,84,4.005016565322876,297,19.112096309661865,0,4.571390151977539,1,3,5,3,1,5,C
com.fullscreen,1.16,Reading,9,0.18,73.86365032196045,2,1,0,0,0.011607646942138672,1,30.439863204956055,0,7.565890550613403,0,4.8656907081604,4,1.0064189434051514,223,16.83064341545105,0,1.6997811794281006,4,5,5,4,1,5,A
com.chooloo.www.koler,7.67,Phone and SMS,1619,8.22,1056.249695777893,4,19,2,1,0.010996818542480469,269,751.3409678936005,285,138.6135289669037,0,17.483152151107788,719,33.36992049217224,946,28.205046892166138,1,43.56495690345764,1,1,5,1,2,4,D
com.espruino.gadgetbridge.banglejs,8.54,Navigation,2217,10.96,2437.91006231308,64,30,4,2,0.029891490936279297,451,1985.836757183075,0,111.19078087806702,160,22.467607736587524,1755,131.57029461860657,3041,47.307390451431274,3,110.99104046821594,1,5,1,1,1,2,E
org.joinmastodon.android,2.94,Multimedia,729,2.68,165.90736174583435,3,6,1,0,0.010916471481323242,0,71.12828397750854,0,12.44066333770752,0,10.160617113113403,486,18.223969221115112,17,16.43829846382141,30,19.688440799713135,5,5,5,1,1,1,C
ee.smkv.calc.loan,0.77,Money,162,1.25,402.2408940792084,5,0,0,0,0.009907722473144531,76,340.15528416633606,178,30.187787532806396,0,5.824156999588013,227,2.7361395359039307,108,11.501768112182617,0,2.197601556777954,1,1,5,4,1,5,C
com.gmail.altakey.effy,0.03,Graphics,9,0.03,49.58979368209839,3,0,1,0,0.009978055953979492,1,25.58387064933777,0,6.216697931289673,0,2.981437921524048,10,0.6184353828430176,8,7.981961965560913,0,0.21744990348815918,4,5,5,4,1,5,A
de.stefan_oltmann.falling_blocks,0.12,Games,14,0.04,65.64874339103699,1,0,0,0,0.010002613067626953,3,39.98382592201233,6,7.665040731430054,0,3.133260488510132,13,0.6951985359191895,8,7.875234842300415,0,0.2329244613647461,4,1,5,4,4,5,B
com.trianguloy.numericriddlegenerator,0.05,Development,4,0.02,47.44380807876587,1,1,0,0,0.010965347290039062,0,22.76250386238098,0,6.56702184677124,0,3.1415817737579346,6,0.5681540966033936,1,8.21207308769226,0,0.22994542121887207,5,5,5,4,4,5,A
nodomain.freeyourgadget.gadgetbridge,8.53,Connectivity,2180,10.85,2320.604632616043,64,27,4,2,0.0156252384185791,418,1866.4898252487183,0,112.64536166191101,160,25.757853746414185,1726,118.6981291770935,2034,53.356789350509644,2,111.78509473800659,1,5,1,1,1,4,E
com.anysoftkeyboard.languagepack.malayalam,1.0,Writing,3,0.01,47.8238582611084,0,0,0,0,0.010480642318725586,0,23.657888650894165,0,5.791545152664185,0,2.7800207138061523,0,0.6294882297515869,0,8.076522588729858,0,0.21346378326416016,5,5,5,5,5,5,A
org.wentura.getflow,2.2,Time,1025,3.94,159.82221961021423,7,7,4,1,0.010128021240234375,0,55.333781242370605,0,13.397901773452759,0,16.386661291122437,623,17.116122245788574,4,23.317463397979736,3,12.32408332824707,5,5,5,1,4,4,A
foundation.e.blisslauncher,12.71,Theming,1342,6.26,1059.6406700611115,6,15,4,0,0.00955343246459961,188,740.6417052745819,333,137.40162467956543,1,19.18689489364624,728,26.202369451522827,0,19.662800312042236,2,86.6783196926117,1,1,1,1,5,4,E
info.lamatricexiste.network,0.25,System,28,0.14,83.78354215621948,5,5,0,0,0.009618759155273438,0,53.1631224155426,3,10.31892466545105,0,3.460855007171631,42,0.950514554977417,28,8.904324293136597,0,0.3521456718444824,5,4,5,4,1,5,A
ut.ewh.audiometrytest,0.61,Sports and Health,97,0.29,112.27104473114014,13,3,0,0,0.009554147720336914,13,66.88157677650452,46,15.898289442062378,0,5.425992250442505,64,1.7116899490356445,0,11.905428409576416,0,0.9548768997192383,4,1,5,4,5,5,A
net.i2p.android.router,4.88,Security,1986,12.05,306.7143611907959,18,7,1,1,0.010128021240234375,0,85.77234292030334,0,19.35116481781006,0,18.97382092475891,1962,35.702266216278076,0,34.79282188415527,0,80.9651837348938,5,5,5,1,5,5,A
ch.seto.kanjirecog,1.77,Science and Education,22,0.34,78.93281292915344,4,3,1,0,0.010615825653076172,2,30.350892066955566,3,11.257731437683105,1,5.611066102981567,28,1.4468863010406494,237,16.22303581237793,0,2.1285130977630615,4,4,1,4,1,5,C
de.eknoes.inofficialgolem,4.27,Reading,80,0.71,193.58950209617615,3,2,0,1,0.01251220703125,16,81.14114117622375,33,16.849371433258057,0,8.984788417816162,71,2.6472373008728027,981,33.415504455566406,6,21.4507577419281,4,1,5,4,1,2,C
com.everysoft.autoanswer,0.1,Phone and SMS,9,0.02,50.38444423675537,1,6,1,0,0.010374784469604492,1,26.375134229660034,0,5.952835559844971,1,2.7547402381896973,5,0.589911699295044,2,8.30225944519043,0,0.21375250816345215,4,5,3,4,4,5,A
mobi.maptrek,13.88,Navigation,1151,12.41,2017.0744407176971,4,9,8,3,0.018944978713989258,171,1045.501674413681,0,810.6467447280884,0,17.702754259109497,1153,47.66200232505798,832,27.724026679992676,0,24.350221395492554,1,5,5,1,1,5,C
com.jparkie.aizoban,5.15,Multimedia,879,3.74,786.5422515869141,5,5,2,0,0.009650707244873047,177,603.4786491394043,306,80.09160733222961,0,12.674392700195312,768,8.473911046981812,1213,28.15268111228943,0,38.400269508361816,1,1,5,1,1,5,D
com.willchan.simple_random_stock,4.1,Money,847,4.31,505.0676312446594,4,0,1,0,0.00982809066772461,26,279.25014758110046,230,87.82889676094055,1,11.21040153503418,438,8.772756099700928,749,27.766357898712158,0,61.605246782302856,1,1,1,3,1,5,E
org.asdtm.goodweather,2.31,Internet,175,0.74,149.16225862503052,6,6,5,0,0.012705326080322266,19,101.25306224822998,0,5.443020343780518,0,7.064091205596924,75,2.719271659851074,2,15.799117803573608,0,4.240256071090698,1,5,5,4,4,5,A
org.dsandler.apps.markers,0.29,Graphics,2,0.01,45.191720962524414,1,1,0,0,0.01039576530456543,0,22.15087389945984,0,4.903824806213379,0,2.6389195919036865,0,0.4838855266571045,14,8.580397367477417,0,0.23048615455627441,5,5,5,5,1,5,A
jsettlers.main.android,6.13,Games,2780,9.87,407.21472573280334,3,7,1,1,0.008975982666015625,0,119.06347632408142,0,24.80249524116516,0,19.599101781845093,1889,22.41280722618103,1736,49.165950536727905,2,144.44175910949707,5,5,5,1,1,3,C
me.johnmh.boogdroid,1.39,Development,100,0.39,141.86900758743286,3,1,0,0,0.009975433349609375,0,87.07230162620544,32,15.783997297286987,1,5.2390382289886475,89,1.656229019165039,327,16.340245246887207,0,4.079509258270264,5,1,3,1,1,5,D
ru.glesik.wifireminders,1.57,Connectivity,8,0.19,77.5001323223114,2,7,1,0,0.011640310287475586,0,24.848556756973267,0,9.248695850372314,0,4.9740612506866455,9,1.044961929321289,400,21.222776412963867,0,3.251685619354248,5,5,5,4,1,5,A
io.github.subhamtyagi.ocr,15.03,Writing,412,1.36,313.8118772506714,3,3,0,2,0.011125326156616211,71,224.22678661346436,0,14.485960721969604,0,9.834296464920044,175,3.984480619430542,5,20.19870615005493,0,16.719762086868286,1,5,5,3,4,5,B
ch.fixme.status,0.1,Time,18,0.12,87.88093709945679,4,3,1,0,0.009127140045166016,8,55.21558403968811,12,10.984923124313354,0,4.4016594886779785,23,0.9615175724029541,17,9.290549516677856,0,0.3397390842437744,4,1,5,4,4,5,B
com.tjm.stripepaper,0.02,Theming,6,0.02,48.714272260665894,2,0,1,0,0.010749101638793945,0,23.307644605636597,0,6.541808605194092,0,2.9469351768493652,7,0.596543550491333,6,9.096868753433228,0,0.2379293441772461,5,5,5,4,4,5,A
top.linesoft.open2share,1.08,System,4,0.14,72.51097106933594,3,1,0,1,0.01149296760559082,0,23.989348649978638,0,6.852395057678223,0,5.678025007247925,0,1.113290548324585,3,16.076153993606567,0,6.077852249145508,5,5,5,5,1,5,A
io.librehealth.toolkit.cost_of_care,23.4,Sports and Health,269,1.33,80.05402994155884,2,4,0,1,0.011286020278930664,0,31.263859033584595,0,6.469184160232544,0,8.784428358078003,222,3.619093418121338,4,13.914379596710205,2,4.099269390106201,5,5,5,2,3,3,B
com.codedead.deadhash,2.13,Security,4,0.37,96.06902813911438,2,1,0,1,0.009868860244750977,1,30.41873025894165,0,8.605695247650146,0,6.392302513122559,6,1.0281150341033936,5,20.38128161430359,0,11.600105285644531,4,5,5,4,4,5,A
com.wmstein.transektcount,18.68,Science and Education,26,0.67,176.07024812698364,22,3,0,1,0.010486364364624023,9,107.78246855735779,0,14.929474592208862,0,10.254921197891235,52,1.937208652496338,0,12.825932025909424,0,10.882392883300781,1,5,5,3,5,5,A
com.olam,9.34,Reading,7,0.04,63.53982472419739,1,0,0,0,0.010150432586669922,1,29.238179206848145,4,8.54017972946167,0,3.3105220794677734,4,0.7685656547546387,63,12.39133358001709,0,0.7710418701171875,4,4,5,4,1,5,B
chat.fluffy.fluffychat,69.43,Phone and SMS,364,2.04,274.05352425575256,4,39,3,3,0.012041330337524414,0,35.56720590591431,116,44.31007432937622,0,9.307738065719604,306,8.3034086227417,71,31.246065616607666,14,120.91066265106201,5,1,5,2,4,3,C
org.mysociety.FixMyStreet,1.18,Navigation,109,0.8,154.03268122673035,1,10,0,0,0.009948968887329102,32,99.67725849151611,42,25.14413094520569,0,5.684680938720703,132,2.34074068069458,74,12.131293296813965,4,1.2826027870178223,2,1,5,3,4,1,D
com.tnibler.cryptocam,5.74,Multimedia,1773,6.32,156.21624088287354,2,6,3,1,0.01143646240234375,0,27.67435574531555,0,12.550219297409058,1,19.528159618377686,1073,19.29745054244995,6,21.91239905357361,9,33.55789852142334,5,5,1,1,3,2,C
org.secuso.privacyfriendlyfinancemanager,10.96,Money,570,4.39,633.8341102600098,11,4,5,1,0.010924100875854492,106,493.64564752578735,0,8.122018575668335,0,11.49960207939148,445,18.353319883346558,1879,40.70035457611084,0,24.928088665008545,1,5,5,3,1,5,C
org.macno.puma,0.56,Internet,579,1.53,376.42123579978943,5,6,0,0,0.009976625442504883,151,301.34515261650085,185,35.13827705383301,0,6.404205560684204,346,3.826011896133423,96,14.627625703811646,0,5.088516473770142,1,1,5,1,2,5,D
com.nesbox.tic,7.43,Graphics,24,0.15,84.0087480545044,1,5,0,0,0.009484291076660156,3,52.994332790374756,29,10.505531549453735,2,3.9577581882476807,26,1.0306005477905273,14,8.894988298416138,1,0.4939088821411133,3,1,1,3,1,4,E
de.mwvb.blockpuzzle,8.5,Games,193,1.97,696.3830020427704,9,0,0,1,0.009532928466796875,36,132.47983145713806,123,25.127456188201904,0,7.918637752532959,115,454.14148354530334,608,31.746410846710205,0,17.18531894683838,1,1,5,1,1,5,D
eu.dfdx.jslab,3.83,Development,8,0.44,136.9438238143921,1,1,0,1,0.009482145309448242,2,30.45546269416809,0,9.425144910812378,0,7.162832021713257,6,1.6820104122161865,1703,43.581483602523804,0,14.247334003448486,1,5,5,4,1,5,B
com.vlath.keyboard,0.98,Writing,10,0.15,94.6229784488678,2,1,1,0,0.011967897415161133,2,54.4042112827301,9,9.236061334609985,0,5.479111909866333,10,1.0801365375518799,2,13.37179183959961,0,0.9189958572387695,4,3,5,4,4,5,A
de.smasi.tickmate,1.12,Time,43,0.28,117.76625895500183,10,4,0,0,0.010969400405883789,13,72.95924615859985,33,11.935377359390259,0,6.49666953086853,60,1.3188557624816895,70,13.003432750701904,0,1.190767765045166,4,1,5,4,4,5,B
org.michaelevans.nightmodeenabler,1.21,Theming,3,0.11,66.96216940879822,1,0,0,0,0.009977102279663086,1,26.06502676010132,0,6.378604888916016,0,4.153714895248413,2,0.7660918235778809,244,16.289350032806396,0,1.924072265625,3,5,5,4,3,5,A
biz.gyrus.yaab,0.23,System,25,0.17,88.52013516426086,5,4,1,0,0.009973526000976562,12,56.146395206451416,6,10.211318254470825,0,3.591099739074707,25,0.9469587802886963,65,10.091917991638184,2,0.6126165390014648,1,4,5,4,1,4,C
ca.momi.lift,2.29,Sports and Health,324,0.98,281.98789381980896,4,2,0,0,0.010476827621459961,75,195.00289607048035,129,26.514447450637817,0,7.109414339065552,195,2.9223670959472656,484,21.981089115142822,0,11.679221391677856,3,1,5,3,1,5,C
net.yolosec.routerkeygen2,1.96,Security,121,0.57,154.18406462669373,6,5,3,0,0.009972810745239258,67,97.10849523544312,36,17.951185941696167,0,5.537771701812744,157,2.6080574989318848,211,16.402885675430298,3,3.3550093173980713,1,3,5,2,1,3,D
org.woheller69.arity,2.14,Science and Education,11,0.42,120.49147748947144,5,1,0,1,0.01048421859741211,4,62.80828285217285,0,9.835684776306152,0,6.382871866226196,19,1.0828332901000977,6,16.53638505935669,2,9.196595907211304,3,5,5,4,1,2,C
com.krawieck.lemmur,23.52,Reading,57,0.41,118.66591930389404,2,3,0,2,0.009974002838134766,3,70.69705271720886,29,15.441370248794556,0,4.6775853633880615,72,1.4568355083465576,10,12.274256944656372,2,4.399101972579956,4,1,5,4,2,4,C
fly.speedmeter.grub,1.31,Navigation,66,0.46,171.6738109588623,3,1,1,0,0.020884990692138672,41,111.18562197685242,24,17.743396043777466,0,5.543511867523193,80,1.6737027168273926,287,18.58995008468628,2,3.336972713470459,1,1,5,4,3,3,C
com.harleensahni.android.mbr,0.12,Multimedia,11,0.05,59.429970026016235,3,3,1,0,0.010970354080200195,2,31.972460746765137,0,8.17059588432312,0,3.1682517528533936,17,0.7487034797668457,11,9.038361072540283,2,0.2514004707336426,3,5,5,4,2,4,B
com.github.shadowsocks.tv,11.49,Internet,810,2.61,526.0606904029846,5,11,10,1,0.016214609146118164,155,421.33132314682007,0,19.76130485534668,0,12.196926832199097,413,17.668107986450195,0,16.932026386260986,0,15.277374744415283,1,5,5,1,5,5,B
com.write.Quill,1.41,Graphics,155,0.82,161.2460491657257,17,6,1,0,0.009535551071166992,25,108.60253024101257,55,25.669910192489624,0,4.905029773712158,224,2.4020166397094727,70,10.36478304862976,0,1.2553751468658447,1,1,5,1,1,5,D
com.gatheringhallstudios.mhworlddatabase,21.52,Games,688,5.42,636.1261925697327,4,0,1,1,0.010551214218139648,161,374.05108284950256,270,73.02146244049072,0,17.301599740982056,480,54.16271781921387,1293,31.378971576690674,0,53.14354491233826,1,1,5,1,1,5,D
com.gh4a,6.79,Development,1528,7.28,413.00976371765137,47,6,5,3,0.010288476943969727,0,64.71078705787659,0,139.1298863887787,0,19.277286767959595,1093,36.94881749153137,677,27.53736424446106,0,97.79386115074158,5,5,5,1,1,5,B
be.casperverswijvelt.unifiedinternetqs,2.89,Connectivity,12,0.4,86.34070658683777,3,8,5,2,0.011029720306396484,1,31.447888374328613,0,8.663925170898438,0,6.806204080581665,11,1.1309077739715576,6,16.108098030090332,0,8.12008285522461,4,5,5,4,3,5,A
org.secuso.privacyfriendlynotes,5.02,Writing,337,2.07,422.888516664505,12,7,6,1,0.010533332824707031,106,269.460120677948,116,30.358808994293213,0,10.164721012115479,260,12.361095190048218,990,33.0014443397522,2,37.992005825042725,1,1,5,2,1,3,E
com.cepmuvakkit.times,1.36,Time,55,0.26,115.48834681510925,1,7,2,0,0.009691238403320312,20,78.18169283866882,24,13.615352869033813,0,4.090932130813599,49,1.7483932971954346,39,10.551994800567627,1,0.4974541664123535,3,1,5,4,4,4,B
com.appengine.paranoid_android.lost,0.03,Theming,6,0.03,67.78052401542664,2,4,1,0,0.011693000793457031,3,43.079811096191406,0,6.678471088409424,0,3.0749447345733643,11,0.6481223106384277,12,8.023444652557373,0,0.21628832817077637,1,5,5,3,4,5,B
nya.kitsunyan.foxydroid,1.01,System,369,2.59,297.48145365715027,1,5,3,2,0.010851383209228516,47,185.1046643257141,262,58.18109583854675,0,6.70034384727478,315,5.014960527420044,278,17.47589683532715,5,12.932259321212769,1,1,5,1,1,3,E
com.flasskamp.energize,24.07,Sports and Health,65,0.58,93.80333948135376,3,2,0,1,0.010902643203735352,0,24.65594792366028,39,17.30252718925476,0,5.851157188415527,88,1.6950156688690186,14,16.559208869934082,5,13.08230996131897,5,1,5,4,1,1,C
com.flasskamp.energize,24.07,Science and Education,65,0.58,93.80333948135376,3,2,0,1,0.010902643203735352,0,24.65594792366028,39,17.30252718925476,0,5.851157188415527,88,1.6950156688690186,14,16.559208869934082,5,13.08230996131897,5,4,5,2,1,1,C
org.ea.sqrl,4.36,Security,114,0.99,248.9059591293335,31,3,1,1,0.010390043258666992,42,168.57534766197205,26,20.597264528274536,0,7.104049205780029,132,3.088334321975708,488,23.133437871932983,4,9.765711784362793,1,3,5,3,1,3,D
com.sensirion.smartgadget,2.87,Science and Education,232,1.2,205.12353682518005,1,3,1,0,0.008980512619018555,40,135.44548058509827,0,26.051042556762695,13,6.378164529800415,147,3.455965995788574,318,15.263668298721313,0,5.9755799770355225,1,5,1,1,1,5,D
eu.kanade.tachiyomi,23.28,Reading,3690,21.68,899.915277004242,14,18,13,5,0.011452674865722656,0,142.58242654800415,0,76.8708107471466,0,30.408300161361694,2460,234.9838993549347,0,23.579513549804688,8,327.8235607147217,5,5,5,1,5,1,B
ro.ui.pttdroid,0.16,Phone and SMS,11,0.03,68.67713594436646,3,3,1,0,0.009929418563842773,2,43.198914527893066,17,7.3490495681762695,0,3.2084693908691406,11,0.6445114612579346,7,8.019609689712524,0,0.21898674964904785,4,4,5,4,4,5,A
org.nitri.opentopo,4.72,Navigation,759,4.4,262.03036546707153,1,5,1,3,0.011492729187011719,0,52.71725630760193,843,79.98717308044434,0,12.433515310287476,697,9.372290134429932,1799,37.811054706573486,2,46.758599519729614,5,1,5,1,1,3,D
org.droidupnp,2.45,Multimedia,1184,4.96,1178.205644607544,2,6,1,0,0.010002374649047852,198,972.4383282661438,1592,95.14745903015137,6,12.923710823059082,962,9.081412553787231,1347,30.98930525779724,0,39.00213313102722,1,1,1,1,1,5,E
io.github.friesi23.mhabit,25.89,Money,756,1.73,456.2292809486389,2,7,0,1,0.00994729995727539,285,397.99726724624634,0,8.15629243850708,0,7.422792196273804,279,6.2779459953308105,4,12.979243278503418,2,9.824903011322021,1,5,5,4,3,3,B
ca.andries.portknocker,3.36,Internet,17,0.42,134.7456398010254,2,1,0,0,0.009977102279663086,11,58.5794882774353,14,9.711880922317505,0,5.530401945114136,21,1.6242835521697998,874,24.744600296020508,0,11.54295563697815,1,4,5,4,1,5,C
de.kaffeemitkoffein.imagepipe,0.53,Graphics,15,0.31,216.84896731376648,3,2,0,1,0.010462284088134766,6,182.67060017585754,9,12.779503107070923,0,3.8441548347473145,30,1.2322378158569336,86,8.937423944473267,0,0.5041921138763428,1,1,5,2,1,5,D
com.shurik.droidzebra,5.03,Games,8,0.12,104.48049449920654,2,1,0,0,0.009973764419555664,3,71.22048306465149,49,9.600820064544678,0,3.3034634590148926,15,0.9731450080871582,84,10.879085063934326,0,0.7454805374145508,4,1,5,3,4,5,B
wtf.technodisaster.tldr,22.38,Development,55,0.39,122.93934679031372,2,2,0,0,0.00953221321105957,6,59.28515124320984,28,14.717849493026733,0,4.385248184204102,65,1.3954870700836182,4,15.466587781906128,3,15.858632802963257,1,1,5,1,2,1,E
com.notecryptpro,1.44,Writing,23,0.24,95.87731647491455,6,1,0,0,0.009999513626098633,1,53.08208751678467,5,9.223504781723022,0,5.473161458969116,26,1.0414233207702637,1,14.320324659347534,0,1.694749355316162,4,4,5,4,4,5,A
org.birthdayadapter,1.89,Time,70,0.61,125.38650870323181,3,9,3,1,0.010967016220092773,15,71.8475136756897,3,12.675105094909668,0,5.588756561279297,65,2.1620235443115234,344,16.81262707710266,0,3.8548083305358887,3,1,5,4,2,5,C
it.niedermann.nextcloud.tables,7.9,Theming,3125,18.13,1868.3366434574127,10,9,4,1,0.010994195938110352,367,1620.493019104004,0,30.777260541915894,0,21.904211282730103,1944,79.43409776687622,0,9.180120706558228,0,60.95448327064514,1,5,5,1,5,5,B
it.niedermann.nextcloud.tables,7.9,Development,3125,18.13,1868.3366434574127,10,9,4,1,0.010994195938110352,367,1620.493019104004,0,30.777260541915894,0,21.904211282730103,1944,79.43409776687622,0,9.180120706558228,0,60.95448327064514,1,5,5,1,5,5,B
it.niedermann.nextcloud.tables,7.9,Time,3125,18.13,1868.3366434574127,10,9,4,1,0.010994195938110352,367,1620.493019104004,0,30.777260541915894,0,21.904211282730103,1944,79.43409776687622,0,9.180120706558228,0,60.95448327064514,1,5,5,1,5,5,B
com.inator.calculator,4.46,System,11,0.55,123.58717322349548,2,2,1,1,0.0109710693359375,1,33.149720430374146,3,9.401586532592773,0,13.693282127380371,11,1.1121153831481934,5,19.48574185371399,0,22.96401023864746,4,4,5,4,1,5,B
com.dosse.bwentrain.androidPlayer,1.77,Sports and Health,23,0.28,103.95008969306946,8,4,1,0,0.010970592498779297,1,53.48477649688721,8,10.418064594268799,0,5.275330305099487,47,1.5243737697601318,392,17.643216133117676,1,3.3049211502075195,4,3,5,4,1,4,B
org.daylightingsociety.wherearetheeyes,14.48,Security,304,1.73,1148.2625222206116,3,6,4,0,0.008980512619018555,125,1053.4144523143768,182,33.609941482543945,0,7.422627925872803,245,4.505639553070068,514,20.81443166732788,15,14.056475639343262,1,1,5,1,1,1,E
nl.implode.regenalarm,3.16,Science and Education,42,0.19,87.31920957565308,1,3,0,0,0.010971784591674805,17,55.69308423995972,16,10.720803499221802,0,3.928006649017334,35,1.0638084411621094,34,8.704469203948975,0,0.40402936935424805,1,4,5,4,1,5,C
us.achromaticmetaphor.imcktg,0.68,Phone and SMS,33,0.14,89.95901656150818,7,4,0,0,0.01363992691040039,4,53.63856387138367,0,5.612979173660278,0,5.795274496078491,35,1.0850255489349365,1,13.61574673652649,0,0.8796675205230713,4,5,5,4,4,5,A
com.github.ruleant.getback_gps,0.67,Navigation,35,0.19,104.02804851531982,4,1,1,0,0.012009620666503906,14,62.884318351745605,17,11.103727102279663,0,4.703651189804077,38,1.3183822631835938,73,13.785114049911499,3,1.1001472473144531,3,2,5,4,4,2,C
org.mariotaku.imageviewergl,0.18,Multimedia,47,0.24,132.18980193138123,1,4,0,0,0.01319265365600586,19,96.49380588531494,17,13.77703309059143,0,3.8257999420166016,47,1.192103385925293,23,9.67929744720459,0,0.44869303703308105,1,2,5,4,1,5,C
net.taler.merchantpos,3.8,Money,559,3.91,546.7248268127441,1,4,0,1,0.010494709014892578,80,395.5139148235321,161,44.60725712776184,0,10.586502075195312,306,14.33021092414856,0,20.5284366607666,0,34.697962045669556,1,1,5,4,5,5,B
ch.dissem.android.drupal,0.16,Internet,33,0.14,87.29510140419006,10,3,0,0,0.009956598281860352,0,54.75477743148804,6,11.360917568206787,0,4.182950973510742,49,1.1106481552124023,25,9.203943967819214,0,0.3689455986022949,5,4,5,4,4,5,A
com.ero.kinoko,42.4,Graphics,713,3.04,142.44298481941223,2,8,1,0,0.010503768920898438,0,44.961551904678345,0,9.832267999649048,1,13.73878788948059,429,15.576173543930054,13,19.81192374229431,3,20.779154300689697,5,5,1,1,1,3,D
eu.veldsoft.dice.overflow,3.09,Games,1581,5.22,1124.016628742218,4,1,0,0,0.008980274200439453,241,935.6396193504333,0,45.15248990058899,0,11.921602964401245,1458,63.99073553085327,291,20.442178964614868,0,29.903002738952637,1,5,5,1,2,5,C
org.biotstoiq.gophercle,0.12,Connectivity,5,0.06,47.598204374313354,2,1,0,0,0.01011347770690918,0,22.323457717895508,13,7.510199546813965,0,3.109093189239502,6,0.6628832817077637,3,7.763193607330322,0,0.22645092010498047,5,1,5,4,4,5,A
com.threedlite.livePolys,0.1,Theming,11,0.03,56.14462661743164,0,0,1,0,0.009970903396606445,2,30.765910625457764,5,7.951638460159302,0,3.064134359359741,14,0.6272873878479004,2,7.507989883422852,0,0.22832703590393066,1,1,5,3,4,5,C
es.ideotec.t16fling,3.39,System,4,0.42,91.11072516441345,0,0,1,0,0.009972810745239258,0,23.280344009399414,4,8.136278867721558,0,5.984162330627441,2,1.482128381729126,588,23.859148025512695,0,7.693347692489624,5,4,5,4,1,5,A
de.bloosberg.basti.childresuscalc,1.41,Sports and Health,4,0.15,63.43817663192749,2,0,0,0,0.00997304916381836,0,22.525561809539795,1,6.644099473953247,0,4.4008729457855225,7,0.839472770690918,253,16.0265531539917,0,1.9763967990875244,5,4,5,4,1,5,A
dev.leonlatsch.photok,8.16,Security,890,3.8,686.9819786548615,4,6,1,1,0.009973526000976562,261,487.80534195899963,124,47.99318218231201,0,11.343181610107422,539,16.250030040740967,2055,44.32660388946533,0,38.805511236190796,1,1,5,1,1,5,D
io.librehealth.mhbs.essential_care_for_every_baby,21.39,Science and Education,313,1.18,76.6371591091156,2,7,0,2,0.010971307754516602,0,32.48826265335083,0,6.9430718421936035,0,6.560423851013184,216,3.733281135559082,6,12.200927972793579,2,5.3576929569244385,5,5,5,1,1,2,C
nodomain.vanous.blitztypekeyboard,1.07,Reading,10,0.14,69.80755639076233,1,0,1,0,0.009974002838134766,2,29.568466901779175,1,7.258869171142578,0,4.6645729541778564,9,0.8204362392425537,226,14.72559642791748,0,1.6521575450897217,4,4,5,4,1,5,B
com.cityfreqs.littlesirecho,0.38,Phone and SMS,5,0.02,70.36750650405884,1,2,1,0,0.009972333908081055,2,40.05532622337341,0,6.058300733566284,0,2.997105598449707,8,0.5906269550323486,90,11.784859418869019,0,0.8337242603302002,4,5,5,4,4,5,A
com.codebutler.farebot,3.55,Navigation,378,2.41,766.9452440738678,10,3,0,2,0.009973764419555664,142,675.1282386779785,265,50.28546357154846,0,7.2278687953948975,499,5.468526601791382,115,13.207337617874146,0,5.409988164901733,1,1,5,1,4,5,C
mixedbit.speechtrainer,0.09,Multimedia,26,0.06,74.44671535491943,3,1,0,0,0.009973526000976562,2,48.40765976905823,1,7.608737468719482,0,3.2840139865875244,19,0.743645191192627,16,8.150349617004395,1,0.23852109909057617,3,4,5,4,1,4,B
com.simpledecredwidget,1.57,Money,189,0.86,174.11817574501038,3,1,2,0,0.008976221084594727,21,106.34838318824768,36,23.12134599685669,0,6.078596115112305,165,2.488591432571411,316,16.835714101791382,0,6.812207221984863,1,1,5,4,1,5,C
com.nima.demomusix,5.48,Internet,632,3.67,693.299706697464,1,1,0,1,0.009973526000976562,150,478.4036250114441,354,50.141560316085815,0,8.491140604019165,274,30.016895294189453,642,30.62294316291809,4,59.439377546310425,1,1,5,1,1,1,E
de.k3b.android.lossless_jpg_crop,4.09,Graphics,85,0.48,113.65285158157349,3,2,0,1,0.011023521423339844,9,66.12699103355408,22,14.170539617538452,0,5.19417405128479,64,1.7239017486572266,144,13.543400049209595,0,2.0224289894104004,1,1,5,1,1,5,D
io.github.dkter.aaaaa,3.58,Games,7,0.48,102.36403489112854,1,0,1,0,0.009997129440307617,2,29.33830428123474,1,8.262026309967041,0,5.870272397994995,6,1.5376906394958496,715,26.56853485107422,0,9.099361419677734,4,4,5,4,1,5,B
com.nomadlabs.labcoat.deeplinks,1.31,Development,4,0.15,63.10193490982056,2,0,0,0,0.009973764419555664,0,22.46022129058838,0,6.526005029678345,0,4.4757537841796875,2,0.8839259147644043,233,15.87236762046814,0,1.8359313011169434,5,5,5,4,1,5,A
se.manyver,45.41,Connectivity,2435,14.9,2175.103653907776,3,9,0,4,0.009973526000976562,435,1800.072966337204,0,156.74035120010376,1,18.919262886047363,1655,46.134957790374756,1141,28.571690797805786,2,86.46528768539429,1,5,2,1,1,4,D
com.menny.anysoftkeyboard.finnish,1.97,Writing,6,0.07,45.72882413864136,0,0,0,0,0.010556459426879883,0,23.380738496780396,0,5.886744022369385,0,2.7640528678894043,0,0.747305154800415,0,6.783674001693726,0,0.22948694229125977,5,5,5,5,5,5,A
eu.polarclock,0.1,Time,4,0.0,44.19186854362488,2,0,0,0,0.009972333908081055,0,22.06325101852417,0,5.26663064956665,0,2.7189574241638184,2,0.49921703338623047,2,7.546417474746704,0,0.1835644245147705,5,5,5,4,4,5,A
uk.co.yahoo.p1rpp.secondsclock,2.68,Theming,13,0.6,89.86680054664612,4,1,0,0,0.013830184936523438,0,23.493134021759033,5,12.999858140945435,0,6.27787446975708,18,1.6045472621917725,585,23.131503343582153,0,5.3699095249176025,5,1,5,2,1,5,C
ryey.easer.beta,3.93,System,721,3.05,804.2658860683441,18,27,11,2,0.010453462600708008,145,658.7160196304321,0,51.8891863822937,11,11.541867017745972,493,12.554470300674438,664,21.772536993026733,1,28.22981834411621,1,5,1,1,1,4,E
eu.zimbelstern.tournant,2.5,Sports and Health,11,0.45,98.86943244934082,4,1,1,1,0.010528564453125,2,31.317386627197266,3,8.969273805618286,0,6.897783994674683,11,1.0889968872070312,3,18.037806510925293,1,14.204543352127075,4,4,5,4,3,4,A
com.nitish.privacyindicator,2.08,Security,898,3.74,119.20034289360046,2,2,2,0,0.009972810745239258,0,44.57508420944214,0,10.652989149093628,0,11.390166521072388,542,8.198047161102295,7,15.941307783126831,0,12.8745436668396,5,5,5,1,3,5,A
com.hyperionics.fbreader.plugin.tts_plus,0.17,Reading,100,0.51,136.89806985855103,3,4,1,0,0.012493610382080078,36,88.8024275302887,22,22.77610421180725,0,4.26216983795166,87,1.9445538520812988,52,10.9395010471344,0,0.9055845737457275,3,1,5,4,1,5,C
ru.subprogram.paranoidsmsblocker,1.18,Phone and SMS,44,0.25,118.49911952018738,2,6,0,0,0.027512550354003906,13,61.651784896850586,13,14.591676712036133,0,7.692113161087036,43,1.6680092811584473,238,16.971187114715576,0,2.4091954231262207,4,4,5,4,4,5,A
btools.routingapp,4.84,Navigation,111,1.28,373.93649101257324,3,8,5,2,0.01432943344116211,51,198.87018656730652,65,39.04888296127319,0,9.801939249038696,141,4.678281307220459,1818,55.40220046043396,0,30.854440212249756,1,1,5,3,1,5,D
is.xyz.mpv,38.21,Multimedia,60,0.72,143.34124064445496,4,5,1,1,0.013003826141357422,0,26.40533471107483,11,21.43215847015381,0,7.246269226074219,59,9.732264041900635,544,32.66733360290527,1,16.22971200942993,5,3,5,4,1,4,B
org.billthefarmer.currency,0.47,Money,177,0.9,188.56861114501953,6,2,0,0,0.009484529495239258,25,125.40226697921753,96,32.753408908843994,0,5.488549709320068,165,2.9295144081115723,16,10.367475271224976,0,1.178957462310791,1,1,5,4,1,5,C
com.powerpoint45.lucidbrowser,1.02,Internet,16,0.22,90.10161876678467,3,3,0,0,0.01053762435913086,3,51.12141537666321,0,10.08922553062439,0,4.673139572143555,25,0.9913187026977539,158,12.853880405426025,0,1.2448322772979736,3,5,5,4,1,5,B
ch.jiikuy.velocitycalculator,3.47,Graphics,116,1.91,315.2058062553406,6,0,0,0,0.011528491973876953,29,208.2340211868286,71,31.657978296279907,0,7.568960189819336,65,4.937900066375732,409,23.747358083724976,0,7.035753965377808,1,1,5,1,1,5,D
me.anuraag.loveactualized,0.88,Games,3,0.09,70.8388466835022,1,0,0,0,0.011390924453735352,0,24.784457445144653,0,7.8478076457977295,0,5.062689781188965,3,0.8595166206359863,186,18.248079299926758,0,1.3587379455566406,5,5,5,4,3,5,A
org.segin.ttleditor,0.47,Development,25,0.18,94.13074231147766,2,4,1,0,0.020010948181152344,1,40.88814687728882,2,19.620285749435425,0,4.448585033416748,37,1.4187963008880615,121,17.00041151046753,0,1.38688063621521,2,4,5,3,1,5,C
com.gaurav.avnc,6.25,Connectivity,222,1.54,268.4416468143463,7,4,1,1,0.00915384292602539,79,180.2965977191925,0,23.14193344116211,0,7.883399724960327,170,4.831703424453735,400,18.50478982925415,0,9.648170948028564,1,5,5,1,1,5,C
de.niendo.ImapNotes3,5.13,Writing,597,4.56,1942.5164210796356,3,6,2,3,0.009943485260009766,244,1698.49156665802,328,88.61333894729614,0,13.178158283233643,645,17.880244493484497,1734,48.38650560379028,2,46.883065700531006,1,1,5,1,1,3,E
com.oml.recordtimedroid,4.75,Time,17,0.66,213.96006679534912,4,1,0,1,0.01894974708557129,6,92.62763166427612,1,16.787946224212646,0,7.8722240924835205,12,1.871922492980957,1744,44.21270489692688,0,19.226372003555298,4,2,5,4,1,5,B
com.rafapps.earthviewformuzei,1.06,Theming,3,0.11,69.08143591880798,0,5,4,2,0.012942075729370117,0,23.061204195022583,0,7.246443033218384,0,5.14072847366333,1,0.7326505184173584,1,14.341862678527832,0,6.170731544494629,5,5,5,4,4,5,A
com.morlunk.mountie,0.08,System,37,0.15,71.93513488769531,1,3,1,0,0.010534286499023438,2,35.9891881942749,6,13.358053207397461,0,4.921982526779175,37,1.3332524299621582,31,9.673256397247314,0,0.37720680236816406,3,4,5,4,1,5,B
de.nucleus.foss_warn,20.69,Sports and Health,190,0.68,174.30106616020203,2,9,1,1,0.013512611389160156,58,106.06377720832825,47,20.068216562271118,0,5.935720682144165,83,2.77835750579834,10,14.671091794967651,2,10.003008365631104,4,1,5,4,1,3,C
com.team242.robozzle,2.37,Science and Education,743,3.24,726.7845778465271,6,2,0,0,0.009973287582397461,159,613.9829134941101,0,31.77886986732483,0,9.992361783981323,663,7.560211420059204,778,26.76641607284546,0,20.768437147140503,1,5,5,1,1,5,C
itkach.aard2,3.31,Reading,1416,9.88,1168.169423341751,2,2,0,0,0.013957977294921875,157,715.2896180152893,0,275.89989709854126,0,14.60234260559082,1230,45.072882652282715,816,31.45272135734558,0,66.53238916397095,1,5,5,1,1,5,C
com.github.webierta.call_counter,19.06,Phone and SMS,140,0.6,74.56565022468567,2,3,0,0,0.011967182159423828,0,27.463271856307983,50,18.27316689491272,1,5.798471927642822,124,1.8553290367126465,5,11.209018468856812,2,1.5270662307739258,5,2,3,4,4,4,B
org.traccar.client,5.55,Navigation,1147,5.84,747.1729905605316,4,12,2,0,0.00951242446899414,135,478.86641240119934,242,101.84960508346558,0,12.901839017868042,608,15.719705581665039,793,31.46250295639038,0,73.03098964691162,1,1,5,1,1,5,D
raffarti.simpleadvancedmetronome,25.83,Multimedia,43,0.39,239.71103239059448,1,0,0,0,0.011217355728149414,23,198.06010627746582,21,17.320698261260986,0,4.169822931289673,47,1.511627197265625,35,10.695136785507202,0,1.0836143493652344,1,2,5,4,1,5,C
net.taler.cashier,3.63,Money,475,2.85,471.821382522583,1,3,0,1,0.009950399398803711,104,344.483362197876,83,35.26259112358093,0,8.909077644348145,225,9.310265302658081,0,18.272489070892334,0,28.77982497215271,1,1,5,4,5,5,B
com.chesire.nekome,3.57,Internet,355,2.15,377.07433247566223,2,6,4,0,0.009974479675292969,22,162.95791172981262,0,7.670097827911377,0,9.025297164916992,282,6.33887791633606,4,31.865355491638184,0,129.58727931976318,1,5,5,1,4,5,B
com.zhenxiang.superimage,144.97,Graphics,86,0.65,268.71550035476685,2,8,4,2,0.010517597198486328,0,27.94842290878296,1,15.901062250137329,0,8.847059488296509,42,2.316058874130249,6,31.413581609725952,0,148.26563239097595,5,1,5,1,2,5,C
com.notriddle.null_launcer,0.01,Development,2,0.0,44.798166275024414,1,0,0,0,0.010941743850708008,0,22.152271270751953,0,5.144102573394775,0,3.081347703933716,2,0.5609219074249268,1,7.669267177581787,0,0.2152402400970459,5,5,5,4,4,5,A
